1506032937200, This Is A Casting, MushCastingBookkeeping
1690378, Aetrophes, ready
7996780, kounounou, ready
570134, Abyssien, idle
9603849, Axisnova, idle
7901996, ChadS, idle
8018241, ColorEffects, idle
7804052, DanielMercury, idle
8972688, Ejen, idle
5155901, EliteDelta, idle
9568416, Evilstare, idle
8086457, Fauker, idle
48929, FinalFires, idle
9575747, FizzleBomber, idle
9419111, Jacob, idle
8517080, Kodi, idle
1696095, Larkin, idle
8733700, Lauxnos, idle
1857188, Leomikoze, idle
8216972, Mino, idle
2414194, Muiy, idle
6330846, Navedan, idle
65184, Nyuu, idle
626516, Orge, idle
8059887, Osiris__, idle
8223949, Prisque, idle
6634526, Prometheos, idle
9081986, SaturnineNrrtor, idle
9548805, Shadowghost, idle
2460210, Shadowlone, idle
2638055, Silversnake, idle
9470860, Stripedram, idle
1833297, TheSilence, idle
7936463, Topheh, idle
8858104, Venom, idle
38858, Victoriouz, idle
8228212, Waritine, idle
1720877, Warrior_, idle
5538658, Zhejie, idle
9480181, Zhor, idle
2655998, acedroid, idle
171721, dEVIDER1, idle
7899375, dazahk, idle
3934383, en2que, idle
129696, hermes03, idle
37526, lacasitoazul, idle
6881909, rage311, idle
8619545, roobee, idle
5879, -CHANSOLO-, in game
9629855, Apolly, in game
5020402, Astralon, in game
7875324, Axisnova, in game
9031214, Ayoxin, in game
8721697, Blahsadfeguie, in game
3251123, BluP, in game
937052, Caelestia, in game
9569380, Chosen_Undead, in game
313431, DannyMac, in game
7854955, Deathenizer, in game
70794, Dream, in game
1719056, Eion, in game
9126350, Enigma, in game
6995921, Evalcat, in game
7907784, FalconBrunch, in game
9466449, FallenBard, in game
8101304, Gargaron, in game
2071292, Interrobang, in game
7902357, Ivar, in game
669155, Jensine, in game
1438374, Lenolin, in game
4694455, Melbil, in game
9623115, OverlordXeros, in game
8733234, Panduro, in game
8176819, Paxion, in game
8080185, Ratvar, in game
6817659, Remin, in game
8236685, Rodah, in game
304271, Sachiko, in game
9466939, Shadowlesscloud, in game
8276512, SmirnoffPete, in game
8621677, SneezeGuardian, in game
9606151, Teff, in game
2008180, TrippiN, in game
9323504, Vampyra, in game
8512916, Wardog, in game
9578976, abigpotato, in game
7688058, factoryman942, in game
9533593, furosutoneko, in game
1181613, grinic, in game
8514952, havi, in game
8123279, immyjay, in game
1833893, kursku, in game
9603808, quintuscorneliu, in game
1732049, squallz, in game
3442012, starkitteh, in game
295850, zyzzyvette, in game
